PRAGMA foreign_keys=OFF;
BEGIN TRANSACTION;
CREATE TABLE IF NOT EXISTS "migrations" ("id" integer primary key autoincrement not null, "migration" varchar not null, "batch" integer not null);
INSERT INTO migrations VALUES(1,'0001_01_01_000000_create_users_table',1);
INSERT INTO migrations VALUES(2,'0001_01_01_000001_create_cache_table',1);
INSERT INTO migrations VALUES(3,'0001_01_01_000002_create_jobs_table',1);
INSERT INTO migrations VALUES(4,'2025_08_14_170933_add_two_factor_columns_to_users_table',1);
INSERT INTO migrations VALUES(5,'2026_02_26_195522_create_products_table',2);
INSERT INTO migrations VALUES(6,'2026_03_01_095836_create_buyers_table',3);
INSERT INTO migrations VALUES(7,'2026_03_01_100256_add_number_to_buyers_table',4);
INSERT INTO migrations VALUES(8,'2026_03_01_202204_create_sellers_table',5);
INSERT INTO migrations VALUES(9,'2026_03_01_202647_create_sellers_table',6);
INSERT INTO migrations VALUES(10,'2026_03_03_124537_add_slug_to_sellers_table',7);
INSERT INTO migrations VALUES(11,'2026_03_03_163831_create_conversations_table',8);
INSERT INTO migrations VALUES(12,'2026_03_03_164014_create_messages_table',8);
INSERT INTO migrations VALUES(13,'2026_03_03_195732_create_conversations_table',9);
INSERT INTO migrations VALUES(14,'2026_03_03_195751_create_messages_table',9);
CREATE TABLE IF NOT EXISTS "users" ("id" integer primary key autoincrement not null, "name" varchar not null, "email" varchar not null, "email_verified_at" datetime, "password" varchar not null, "remember_token" varchar, "created_at" datetime, "updated_at" datetime, "two_factor_secret" text, "two_factor_recovery_codes" text, "two_factor_confirmed_at" datetime);
INSERT INTO users VALUES(1,'Test User','test@example.com','2026-02-26 20:02:40','$2y$12$ijOtl3VtrP3k2rc3OqQXyOeyd5f7mBsbEESYBVTTEQc7oMfnoxFDi','2b0Dx8g8CK','2026-02-26 20:02:41','2026-02-26 20:02:41',NULL,NULL,NULL);
CREATE TABLE IF NOT EXISTS "password_reset_tokens" ("email" varchar not null, "token" varchar not null, "created_at" datetime, primary key ("email"));
CREATE TABLE IF NOT EXISTS "sessions" ("id" varchar not null, "user_id" integer, "ip_address" varchar, "user_agent" text, "payload" text not null, "last_activity" integer not null, primary key ("id"));
INSERT INTO sessions VALUES('YJA5EkRt1eCIyI4MPSUhx3znGyINgiD0byT6GtGR',NULL,'127.0.0.1','Mozilla/5.0 (Linux; Android 13; Pixel 7) AppleWebKit/537.36 (KHTML, like Gecko) Chrome/145.0.0.0 Mobile Safari/537.36 Edg/145.0.0.0','YTo2OntzOjY6Il90b2tlbiI7czo0MDoieDlOYUdUVDhOTElVRkRDOENIanRCcTVJeTRaT2ViMlFhQlB4N3pESiI7czo5OiJfcHJldmlvdXMiO2E6Mjp7czozOiJ1cmwiO3M6MzQ6Imh0dHA6Ly9sb2NhbGhvc3Q6ODAwMC9zZWxsZXIvaW5ib3giO3M6NToicm91dGUiO3M6MTI6InNlbGxlci5pbmJveCI7fXM6NjoiX2ZsYXNoIjthOjI6e3M6Mzoib2xkIjthOjA6e31zOjM6Im5ldyI7YTowOnt9fXM6NjoibG9jYWxlIjtzOjI6ImZyIjtzOjUzOiJsb2dpbl9zZWxsZXJfNTliYTM2YWRkYzJiMmY5NDAxNTgwZjAxNGM3ZjU4ZWE0ZTMwOTg5ZCI7aToxO3M6MzoidXJsIjthOjE6e3M6ODoiaW50ZW5kZWQiO3M6Mjk6Imh0dHA6Ly9sb2NhbGhvc3Q6ODAwMC9zaG9wL3JyIjt9fQ==',1772717647);
INSERT INTO sessions VALUES('wa1nvylL5fEOi9Zv1jlVbjCYyqCK4QSelgNTzAPF',NULL,'127.0.0.1','Mozilla/5.0 (Windows NT 10.0; Win64; x64) AppleWebKit/537.36 (KHTML, like Gecko) Chrome/145.0.0.0 Safari/537.36 Edg/145.0.0.0','YTo1OntzOjY6Il90b2tlbiI7czo0MDoiN3JvTjJ5MndDUkxhMGpFQzQ2TTlXOVpldzF2bGpqUTExRWVJT2lFSCI7czo5OiJfcHJldmlvdXMiO2E6Mjp7czozOiJ1cmwiO3M6MjE6Imh0dHA6Ly9sb2NhbGhvc3Q6ODAwMCI7czo1OiJyb3V0ZSI7Tjt9czo2OiJfZmxhc2giO2E6Mjp7czozOiJvbGQiO2E6MDp7fXM6MzoibmV3IjthOjA6e319czozOiJ1cmwiO2E6MTp7czo4OiJpbnRlbmRlZCI7czoyMjoiaHR0cDovL2xvY2FsaG9zdDo4MDAwLyI7fXM6NjoibG9jYWxlIjtzOjI6ImZyIjt9',1772745128);
INSERT INTO sessions VALUES('igU7iNh0MtD0iowdrT0u8ara8YNCKUZsBGMDYkpm',NULL,'127.0.0.1','Mozilla/5.0 (Windows NT 10.0; Win64; x64) AppleWebKit/537.36 (KHTML, like Gecko) Chrome/143.0.0.0 Safari/537.36 OPR/127.0.0.0 (Edition Yx 08)','YTozOntzOjY6Il90b2tlbiI7czo0MDoidlVkTWgwWjVtTFgzZUhFSHBLbjRnMW0yMkJ6Sk5SNE1NbXlHUWZ3WiI7czo5OiJfcHJldmlvdXMiO2E6Mjp7czozOiJ1cmwiO3M6MjY6Imh0dHA6Ly9sb2NhbGhvc3Q6ODAwMC9ob21lIjtzOjU6InJvdXRlIjtOO31zOjY6Il9mbGFzaCI7YToyOntzOjM6Im9sZCI7YTowOnt9czozOiJuZXciO2E6MDp7fX19',1772745485);
INSERT INTO sessions VALUES('kdG1Dv1N82ebkTrFxiiWSVeMq3XYmbuTVFbBp3iC',NULL,'127.0.0.1','Mozilla/5.0 (Windows NT 10.0; Win64; x64) AppleWebKit/537.36 (KHTML, like Gecko) Chrome/143.0.0.0 Safari/537.36 OPR/127.0.0.0 (Edition Yx 08)','YTozOntzOjY6Il90b2tlbiI7czo0MDoiYTl4aXQ3SEZjV29Ma2UzcU9DVFJaeVU0eGw1ejNJZjRBdGhHR2VkSyI7czo5OiJfcHJldmlvdXMiO2E6Mjp7czozOiJ1cmwiO3M6MjE6Imh0dHA6Ly9sb2NhbGhvc3Q6ODAwMCI7czo1OiJyb3V0ZSI7Tjt9czo2OiJfZmxhc2giO2E6Mjp7czozOiJvbGQiO2E6MDp7fXM6MzoibmV3IjthOjA6e319fQ==',1772781571);
CREATE TABLE IF NOT EXISTS "cache" ("key" varchar not null, "value" text not null, "expiration" integer not null, primary key ("key"));
INSERT INTO cache VALUES('laravel-cache-d5bc5ce804cac701a63ae9d85f057076:timer','i:1772643390;',1772643390);
INSERT INTO cache VALUES('laravel-cache-d5bc5ce804cac701a63ae9d85f057076','i:1;',1772643390);
CREATE TABLE IF NOT EXISTS "cache_locks" ("key" varchar not null, "owner" varchar not null, "expiration" integer not null, primary key ("key"));
CREATE TABLE IF NOT EXISTS "jobs" ("id" integer primary key autoincrement not null, "queue" varchar not null, "payload" text not null, "attempts" integer not null, "reserved_at" integer, "available_at" integer not null, "created_at" integer not null);
CREATE TABLE IF NOT EXISTS "job_batches" ("id" varchar not null, "name" varchar not null, "total_jobs" integer not null, "pending_jobs" integer not null, "failed_jobs" integer not null, "failed_job_ids" text not null, "options" text, "cancelled_at" integer, "created_at" integer not null, "finished_at" integer, primary key ("id"));
CREATE TABLE IF NOT EXISTS "failed_jobs" ("id" integer primary key autoincrement not null, "uuid" varchar not null, "connection" text not null, "queue" text not null, "payload" text not null, "exception" text not null, "failed_at" datetime not null default CURRENT_TIMESTAMP);
CREATE TABLE IF NOT EXISTS "products" ("id" integer primary key autoincrement not null, "name" varchar not null, "price" numeric not null, "image" varchar not null, "category" varchar not null, "description" text not null, "seller_id" varchar not null, "created_at" datetime, "updated_at" datetime);
INSERT INTO products VALUES(5,'Leather Travel Backpack',129.990000000000009,'https://images.unsplash.com/photo-1553062407-98eeb64c6a62?w=400','fashion','Genuine leather with padded laptop sleeve and multiple compartments.','1','2026-02-26 20:02:38','2026-02-26 20:02:38');
INSERT INTO products VALUES(6,'Designer Sunglasses',179.990000000000009,'https://images.unsplash.com/photo-1572635196237-14b3f281503f?w=400','fashion','UV400 protection, polarized lenses, timeless design.','1','2026-02-26 20:02:38','2026-02-26 20:02:38');
INSERT INTO products VALUES(7,'Performance Running Shoes',139.990000000000009,'https://images.unsplash.com/photo-1542291026-7eec264c27ff?w=400','sports','Responsive cushioning, breathable mesh, advanced traction.','1','2026-02-26 20:02:38','2026-02-26 20:02:38');
INSERT INTO products VALUES(9,'frrf',1500,'https://images.unsplash.com/photo-1542291026-7eec264c27ff?w=400','electronics','telephone','4','2026-03-02 08:28:38','2026-03-02 08:28:38');
INSERT INTO products VALUES(10,'ventilateur',2000,'data:image/jpeg;base64,/9j/4AAQSkZJRgABAQAAAQABAAD/2wCEAAkGBxISEhUSEBMVEBUVFRUVFxUVFRUVFhUVFRUWFhUVFRcYHSggGBolGxYVITEhJikrLi4uFyAzODMsNygtLisBCgoKDg0OGhAQFy0dHx8tLS0tLS0tLS0tLS0tLy0tLS0tLS0tLS0tLS0tLS0tLS0tLS0tLS0tLS0tLS0tLS0tLf/AABEIAQMAwgMBIgACEQEDEQH/xAAbAAABBQEBAAAAAAAAAAAAAAADAQIEBQYAB//EADsQAAIBAwIEBAMFBwMFAQAAAAECEQADIRIxBAVBURMiMmFxgZEGI0KhsRQVUsHR4fAzcvEHJGKCkkP/xAAZAQEBAQEBAQAAAAAAAAAAAAAAAQIDBAX/xAAlEQEBAAIBAgUFAQAAAAAAAAAAAQIRAyFBBBITMVEUYXGh8CL/2gAMAwEAAhEDEQA/APT1WiLSgU8CucaIBTtNKBRBVDAlPVacq0+KIZppQtOinUDQtKFqNxnMbdv1NnA0jJk7fD51ScZ9o4Bhrdsd9SsdIwXGYInHvmmxpSKj3OOtLGp1E7ZEn4V5/wAb9rLUrra45yNpUOSAmzAdfljeoP79ukSlglARpaXBAhQW3gbdO1TY9KTmVpvS4O5wCcDfpS2+Z2W2uLtPy7151+1ceQzIqaVIBwrQtwg7sSepFOXieNQspi0ygW/MSAAQp7iD+uKI9Js3kb0srfAg0U15za4/il3tLd8hChSVby+qQDvtvUmx9pChGrxUCoPUZDHuJgdD9aDaX1qK61W8B9oluaUJBYrLY0n4gdR+lWVm8rjUpmihslMZKksKYaghutCdKmuKEy0Fe60N7dTbiUIrUETRXUfw66itCtPIrgKItaCBaegpoFPqhyrXaaVaBx3FLaXU3yA3J6AfWqh9+8qAs50gdT/mTWf5hzdmBgmzbG5IYEjedQB0jI981Uc/5yBm42p2FwJbXYZgb+ytn3qps8M/Eg3OIYWrJBZrQbI1MACw650j5VnYZzDnsFl4YNcYQ2sO8DcEDPmECJxg71HXkt69rN92vhYKeGVZUY+ZUOcAgHaelTrvM7KJ4fDpE+VtiurSwuMp9RkEdareK4y45BJjBEKABpXVpBjf51NxdLKxwfD2VcK6kkgEOhZuxI1ZVl09MfGpI53aAIClZELoJVQw1AnS84MnFZqyCdOxwxxg/i/rREPp3GGMMP8AdU3TTXW+YWHLEOuRpAuW9JI80qGTAIMQfYCrJ+H9eWgquoh/FBjUUaW2jFYC2npgdWMqf93StD9kuLYlrbMWBS5AYZGnYQdhk1ZUaP8AZgH1RmP4QQGXdewkTsOpNBPCI4ClLVwBSxiAYaNwcYJ61YFJOqMhQ3lJBBUkEx8MU22wBUMwiIi4oGGCdfjP0rQznF8iQ6Soa0xkHqCRkZJ7doqHZ4nibGksPEEEg5BkQCZ65OZrTXeHMKQpG4lWkFlDQY6TUd7YYESYLEGBjS57d596IPyfm631H4XyNJwTB3AmrOKw3F8rNuL1hwNBB0nYFpkQciDjetFyDnIvr5oDgZgyDjcU0bWLLTCtSGFDYVlUZ1oLJUthQ2SoIsV1SNFJRVyop4poFOFaCinAU0LTxVAuKvi2hdugmBkn2HvWE+1PHa0bWZZvIqKxBAlSpgjIB32nSateec2XN1ifDQ6VCnJbOSo31AFd9m96zHEFkU3741OCwtoQIVSFZRG0HWTiNvpKiMtscPpu8TN27J0qWHpUshDndT6YI7GovF8a90rrJYIQigfhVcx+ZqNxF5ncs5OpnWZ2J6/rTbSkwYkfeMSp9mEx8qzvan23nSJBw5giDjUKJZMaJBWUYyMr1P8AmaHZOEgi4ClwEMAGnz/06V3DNBthS1vyuNLZBA170n9+hLtrOmIebZIjBx+fQ0y2wlBJT7tjDCRjf9KcVjRKz5XynbzHahcPcP3YDBsPhxmPN16be1J/foolkH7vAbyMZQ/7th/atj9muBKWWuOCHYAidwjHA6b7/wAqzn2a5cLt20CmkILk+bylQfT13zW05pzBLC6WlHuKoQSCGKrO87bnNaxiUPm3N7fDgsym4Rr8i4OWJkyBA+XwrJ8bz2/cLKLkKAF0AlTAJ/EcnYVE5i7PruXQS7P67Z2lUAxP5A0F/MXgrd2wcNkv7Z2961pk1brCPMy+QGGMj8PX/ij8PzG6mkhmgncHUpgkjf4Daaiq0ECSn3Y8r5XZOv8AxXII0SChJOVyp8zbidvrvTQ2HKubC+GDBWbzQDtlZkHoZ6b5qFzbhv2Z/wBotg2wXDMFJI82nzERgY6VQJsW3hvWm4wu4/4+FbPl3EJdWdAaJDDEeWCYnbBNRV3wvEC4gcdf1ohFZz7O3WtXLlhxpE6l7FWJiPgQR860pFLCBlaGRRDSRWWjNNJRYrqgsQtKBXAUorQXTVZzziiqhF3f2JwPw4/i2+Z+NWgNYP7S80JZkXWHughBEoVVgu49LTJ75q0Rgn7RdYGDbsxpOBJJCamO7AHR+dUv2nvl77pAhG0hC06SzeaD19I+la3lvBhQqqqNp8ICTs3mf3wwgH3rHc+4YrfJ04ZrbgH1ARqPxyT8qzYRXo3mGSku5hsgwn9qegA8MkFD95DIZU/6hP8AWh8K3oAO/ieR+uLgwflTNRAULqt+slTkQzOv9amM3/fgoguTp9LEB/MAR6iw/QiiW0MASYG0n4/1NMsJU22ld8cJHO5GLaooXuAdwNWdwQYO43oypRPDrWmdtD9k0t2+GYmJDsXBkkLpYiPqaouN4571xXhXUXdKgE+RNKgDr1Lb96aNSgld4+R9j3H9KhKo+7LpB8fDWzInUok5/wAisWaal25CIX12ib3TIJ1IPbBrrqkrcJVbo8uUgNs5yPn260vB3MWwtyJvHDg584xmm3lAS6XU2siGSSD5DkZrLR2nzQrBot+hxn/8wIP96HaGnwx5rRLHymSp874Px9x1qTeUl2kLdGjpAf1J/k+1B4c/6QRgR/A8at32J6/DtVRzCFYkaTJh0mD5Vzvt8Jq/5De03WVsq05UncHYgGJie1UAgK8fcnUZDQVJ0LvIj61Z8P5b0kFDO6z5gWjt/UVBdcztlGt3VBEMFcsclWx1M4Y/81pLFzUoPt+dUvM7AdHViz+qBsQV1MpwO5FT+T3NSfQ/Uf2p2XumEUkU40lYadprq6uoJ4pyimU9RVAOZXglpm9o+ZwP1rEWALnEXSupVtW9I0yQt18TtsTjbpWl+1V/TbGQMlvNsdClo+ZgVm/sip0MxkF3QTjSQBqZG7bde29UXQtgKSFVgPEIzkBUCFPhiRn5VXc+5Kl/qQ6FUQtgiUgq3XSO47fWybzLlQdVtRImWFxzg5nUPiZj6SCNTSPMDdE6h5xpTZhGR5e36zRHl/HcDds6RcXWAtzf1YW4ZRh6txtO9QOCt+Ub5zkyRJmPzr1W+g8PTAGobHNsy5mO3p+HxrzaytXCdUyo1pKlW1oVpalWhXZzPVaKq0qrRUSqhgSqiw6jwwGayfFMg+lvPPyBq7vMFUt2B+dZrl18lrYS4CpN59LjzeVn23AHwNYyaibwmphZwl0G6TiAfUcgbkiPyplth4d3w3Ns61BW5kTo2/5rrCgfs2tCsthkMrJZ8HcH8t6cSzWrm3EjWMZ1Aadu/wBDWGh7ygXHLKbZ0etNj506fSmWlLCySBeXfWJ1D15P5b0QEeJcCPpOgeRx5fUvU7/3oaKAeH1qbTYgrlZl/wAjvPvQJbBNtwh8Qaj5HnUPIvlGZ+lWHCAeNAJXzZVtvWMr0n6HNQnWbbm4BcXV600yPIMnufjBq15cs3wA6sBnzbpDKc9Y/L3oNJcubedd9xEiZ3n4dqXkW0T0I+hpLznbBkAYMT68/AV3IlIAnOD+tSe1L2WppKU0lZbdFdS11QS6cKaBThVGV+39+LLAGPu2x1MvbXGcbk/KgcsTQigSCF2PpZmXGmDhwS3UdNug/wDqG2FHQrHv/rW6nWIYGD4gIZiGwIthQCpydQK7dYpBJtqMdJZFlfQ2jqxjDSOo70ts7T5gviuCDFxZJgyTkfM7daSy0Y23aGH3bEiYxscHHvt0ofF3bdoDxCUxAg+aSwJ0mPNg9fr0qoMqzGlgYKTidiSQy/8Av/cVgOacIbd5xEKWYp2KFjEe2I+Va5ftJYldTMTq0SEKnUFUDfcbZqh+0nNLBRTpdyvlDoo9baSdWcj880mUnUs2rrYqTbWoPCcbbckKwlSVI9x8fhVkgrtLL7OVmhUWpKpiBk/oKr+N5lZsKXvXFtqO5/kMmqnj+duTcRLbeEttSXRx4hLsoA0iSg0lsGDjpV3DSXzjmKh/C1Nbi3cfWNj920SRkbjMVB5ZZYsjMLd77i4ZXDHWWbAwTKlaZwPBtc127dwxat2rGlwGVWBthwN5aVIyIzVjx3BrZulktvHggOUzEWmylvZsIohY3rHu1oPgmH/beG5t5zbeTI1PiY/URimXbYFu54iG0TcU6kyG8pzEwfyo/DamHCmBxK4PiCdQGpobuBtvIptj/SueE8/eLKXI/hOJOD86yqTdVi76gt1fDGRGseZfn9e1B4PawLb4nNt4mNTgxPXpjOKM+kXm3sv4Yz+Hdcx0pEU/cG4ofzCLiEb62ie/T3oB2yAtyJ4d9XU+UnRttgexrQcnt/8AcFmUAqjeb8JmNwf5GKpQD4dyD46A7EnUo0ZE9PzFavlNgIhaSmqT5tgIiBOO9RTOduQuFDAzLCJUAN3Enf8AOrDlCQPgoH1qBx2WC6QNTD5wBJ27EfSrnhFhf86Yp2O41dSE1wrLR1dSV1QSxThSUoqjH/8AUW2fDtkRhxk/7lx9JonAXZQDyupSJ2JZiBjs4wfcHr0svtZwmuwcTpIbG8EFSflM/KqHkJB4a2SACFbUVknymFDjcDYhth8qC+OSSG1TcE68A6V9LA+k4jIzPyrDczvG5cYsNQF5Auk+lRMVsBd8pY/hDMzbkalJ84ETs2Qe+1YhlhzM2z4qZ6GpkQOxJ0QQ48Y4aARhdp/lTbEfdiTbJutKmYMQY7gY96Ii5Qsur71vMvTAyY/nScLJ8LSRcHiPhoDDfb+1SKrr/LbbhPESNd/1WyAPLAkxiY1dt6B+7zdUAsbwuX4lHNt1UaQwhSC3qb+IYFWnCQDZ0sbZ8V5Vsg5yP+aAiAHh/EQof2hiGSNJPlyRsZ9orWMS1W2uGQq4RtPjcRBS8NQ/DrCyDv4p6DYV3MOGWOIe5bayWuJ57ckMAt1gwEw2WOxqegc27Z8vFKOIJnOpQDaz0OM+21BcAJxAsvpPiL5LunTOi7iW8rAx1jatMr48edV1AouablsllbzKpdFlgBIiGOcVY3Fh7sEPNpYDRAOhsnoem8UG2QFugkW21hivSNVuGzkSBuMUe9cWWJGDb9S5B8j/AIupgda6bZ0p/wBntpdsKoNnzagACVkuxMg+mSxz+Qpt4HwrhvLqGtYe3E+g5JHX45zVqLerwyIcBhgjIggmBMznoagGxpS54beGxIMMRpPkYQCcdOtc9t6Ehi50sLq+H6D6hhSI6/T50zg4+58NjaOr0McEa2kdj/m9EugeL51NtvCPnX0+lCTH89van2bbN4IZfGm5h1MnDmD7wN5z8KqC8u4I3WZdLW2DAkr2CnvtjvjNay4wgCfwAQw7mMbfXO1B5Xy9bVuAdZgkknIxsPYR360nMLsAgEgwAVYdgWAnrOB86ig8Omq4WI22ju2P0H51eqkACoXLOH0gTvuf9x3qfNL8JPkwikFKa6stOiupaWoJVOikFOqgd+0GUg7EEH4GvPuV2W4e/e4ZmP4ipOJVm1MexGlxg9t69Hisp9tOGKqvFWwNVmQ0gQbbY83sCfkCaCRrXVq2BcDUsnyqMj3Ezg7dzWS5lw5S62RDXEcA+kqWYSv0P0rR8vvyisgKyqFAfKC2xyOo2nB3mRkxee8KGtmV81szP8bAzBjAaNj1+FKMvaUBk3tHxj7qZC/SkQf6RdZ+8fzpH5gfpRlaGhSCBf8AS/QHT6ZoXDkA2wCbRF5gVPpMhcfnsakDeGki1EXl8V9/Uo/XH0oPAn/S8N9P/cNKP1ykgdD84oiAA2dalD45hk9Jkrn5z0ptsnTbZgt4C/61ORJtQSfrvWolRXRQo1qeHYX5lQSpP3Rk9QDG/ttRuNtNpv8AiKt5S6+ZSA210ZOQTt6hOaUIfDuLaYXNNwHw3BkSuwBz+HdTU21w6tevBdVli6k9iA1wbjvr2Ij3qos0t/csqjxAVVtDLnItkx/Y07gOHQNqHl1W9GmJGC4gf09qNxirDqQV8ogAAggIDgbHYbRVlyZrTqq3BquBdU+0+WRuMg7iM1aRVW7QAQRHmnGwwnTqPdfpVzzTk9u5aKMoBOnzTgloXUcYOd4NWK8DaCAhcadQI8wkiJjpRWEZwBqXI22ByO/v+dZVmRyK8txRqU2tOnzZAOlRIjI2NWfLuVpZXyyQUc6gd9RDbds/nVgd5BI8x91wT9Py+NQ7tzEjB0TK7GQCTp+XY1Q/iL2OlwAIARAZZP8ATriovC2S9zWZMEgA9WBifeAN/f2rtBuNsCDIYlYKx2PeT07GrfheHCgQIgQB2FJ8pfgVUgRSGnGmtUU2uApKcKinV1JS0EkU8UMGnA0DxQ79oMCCAwIIIOQQcEEdRFEFLVHnlyw3AX/Dck8NckWnbzBGOArHcMNtWZEbmQbyxe2zsQ2ygZAACnbrsZGOm1XXMeCS6jW7ihlYQQax17hrvBnS2q9YmQcs6j4fjA7b99QpAz7Q8vGg3FQltWpgMHykmRjB9j/DvVC5MkKRcC3VOhp1AH+H/wCScTWx4Xj1ujUrDzdRnyiQYYkxucHEt0oXMuSWrwbUuhmYDUoO2YOnvkxFTQxinTIRvDK3wSlyNJnTsTj8J7V11QguTq4dluhpGorld8CQPJ71e8X9nLraxKXEcwGYkQylgfMoJG5iQalW/sw7E/eL4dzMQ1wAgnVAwYOo5EVUUPE8KX8VWt6tTLDWxJP+oNp0kjG0HNaNuWG3aNxpZn0tJ3VZB0zvv0yBFWvAcqt2ZuqPMVlmU59sfEHud6ZznHl6dDESQCcgx3FUUl27LbgFl9DRBhWG/pO1S+QAC/kMpNphETgaTucxnv8ASq2zwzApJ8RShBMy06pmdyIPUHYVZ8huxdUamEBhEZHkO2/aqNEu2DHkyVyPmI/r8qQXIMnA1jzDbCDcd/8AMUNrwx6T5QPKQCJIGQdzUV+LUFWLROppBXUdK7EHc56/IVAa7cjIB/8A0Opc+lt9PQT+tREtlzAggQGMMpEZg9CelO4Sy10a7i+EukZZdDkjcYPX3+gqz4S025AVRsu5P/k3v7U13qb+C8JwwUD65ySe5PU1IalNNNS3ayGk000rUxjRXGnCmU4UDqWmTXVBJBp4NADURWoowNLNDBp9VCmg3rIYEMNQPQ0SlFBlOZfZnJewSpOTpw0+42b471CtcRetmHXUFGkQJIjuNxsO/wAa3BWgX+FVvUob36j51fyjMcPzNJxIYCJkAyNieh29qmpcUzBk6QupToacCCNmOx7bxUm/yVD/AEYTURuQdgD8GI/WnQTPHB1fimFBI0GRuD0/4qp51xILBgT84HtB2najHkbf+X1WPpVXx5s2mKXDcLCBCrJ+GBQR3vCIkHMdv0xTuBunxBBY5kgHUQDgx5cYmnJxab2+Guv7uQo/Mk/lRbHH3gyDTbtJqAKrJMTtOAPpSi4sq5IMRk7yGjAX0tnYYxUjh+T7F5YgEAvkgHcKNlq5t2VXYRTmNBCWyBHWNpz8/jT65zTC1QOJprNTS1ML0U5jQyaQvTC9A8GluPAoQehcTdxUEc8Qe9dVc3EV1Z201Aanhqjh6drrSJSvRA1Q1uUUXKqD6q4NQPEpPFoJYau1VGF4V3jigOTSCKjNfFN/ah3oJbwBWMv3NVxm7kn860PH8bFtoOYgfOs1bGas90SwMVA4vvVpoHhzOdW3tG9VvFjFaySNvavSqnuAfqKS5cqi5bzIeEgJyBH0x+lOvczHeue2lg92hNeqju80Heo7c0HemxoDfobX6oDzQd6C/NB3oNA3EUM8TWbfmvvQ/wB6+9NjUftNQ+YcaAtUZ5r71C4zjS4gVm1YM3MRO9dVAbL0tc9tvRf3qvenfvZe9ecfvU96cvNT3rqw9CPOB3py86HevPf3l70o5j71R6H++R3oVznA71hBzL3pDzL3oNt++vek/fXvWJPMfemHmXvRG1fnPvUd+cHvWPbmXvU7kdpuJePwLlz+ij3NBrLV9nQE9cj4dKJaFdp7YHb2py1vGJUhCNjtULihvRyaj3q1Uin4nijbHtNQbnNfepnM+G1oyjeJHxG1YsJc964Xo3Oq/fmJ71GucyNVtu2/WpS8GTWfPGvKVuaHvQX5oe9OflhqLe5cRVllTRX5oe9CPNDUS7wxFRXWK15U2sLnNz3q85BxHib1huJNaf7J3MVmzRttxZWuqF45rqDzxeJNFW81aC3yNal2uUJ2rl6+Lr6dZpHajKr1qbfLUHSpKcGg6Cp9RPg9KskthzRk4K4ehrWrYHYUZbY7Vn6j7L6X3ZJOWXD0NEPKHitW5CiT/nsKZaSTqf5L0Hx7mtYcmebOWOOLN8L9nLlzLHQv5n4D+dbflnAJw9oWk6ZJ6sx3JofBmWJ6LgfE7/l+tSmuAGOpk/SvTHKiCuJrJ/af7Sm2oS1KsVZi20BWK4+amqfn3/UE273DWbSwSbLX2YYC3ApKDsYaZ/vXSMvQyaDcqlf7V2P21OBEtcYNLCNKMFLBG94B+GO9Xj0EK4INUr2lV2BHUn5Vd36pOMPnz/nvXHkx23jlo7SOkEUjRUfxSD+oHUfxD3owIORXh5MLjXqwzmUNahutFNNIrEtjVkQrnDg1B4jloNW7LQ9FdcebKOeXHKzV/lBO1XXJOXm2M1b8NwfepbWYFeqZeZ570RtVdTvDrquk2iq1EV6jKaMpr5z2pKn3ooao6NRlqgoNPFMWluNAJ7Com0cXdTE9FwPj1P8AL60U36pOB4mUB7yfqak+LX0ePHWMeTK7rQcquSvzP61I4hCWQgTuCdUaQRvHUyAKz/A8ZobPpO/se9aLh7wYSDIPUV2xjFqFxfI7N11a5bVtK6QSWncnSQDBX4zuaqOP+xPD3uM/abiMCNDYcaLjrjKxIACp1APbvrBSxW2XlnJvshxKc1N+UNpL1x2cMJlgToK+rVDiemd69NaiaAJgR1+J71G4viFQSxC/r8hQgHEGs5xF7UxI22FH5hzI3ML5V/M/0FV81zrQjv8AUbUThbkyPmP5j6/rUJ7wFA5dfLXyP/A4/wDYV5+fXkdOK/6XlJSFqQvXget1Ku9DNwU1rtNi3sXBRiazq8aVOalJzMd69eHLLHmy46s4rqrf3kvelrp54x5KjI1PVqjIaOhrwvWko9HR6iKaOjCqJStXXBINDF33pdQ+NEYHgeOZHa0SZViPbBiry1xfeqf7YcvNu5+0IPK0B/Y7Bvh0pnAcVIr38OUuLy8k1WkS8KNZ4pkMoSPh/Sqq09SUNd5HPa8tfaC6N9LfEf0ojfaS50RB/wDR/nVFTq0ixv8AOrzbsF9lAH51X3Ls5JJPc5NMahtUoVr1AuXjSsajXrsVmqZfuwO1E+z1ssXunY+VfgNz9f0qFa4ZrzRsvU9/YVpeHtBFCgQAIrw+I5Jf8x6OLDuIaGaeaaR3ryvQa1BZqIxoTL3qAN8TVfdYip95sVX3RU21ADePeuppFdV3WtLxHoyNUJDR0NackxWoqtURDR0oJSGjg1GQGjopqoZxFkMCDBBwQayXGcha0SbPmX+Dqv8At7j2rbi1SNYB3reGVxu4zlJWJ4a90OD2ODVlYuxBq44nl9tvUoP6/WoFzlyj0sR+dezHxOPd57xXsYrzvUi7bUKpDgkzKgGVg9ZEfSoo4ZhsZ+VOa0Y6V0+ow+WfTyEV0jIJPxAH6VGuOK7wT1P0FPHCj4/E1zy8VhPbq1OHKoT3Jwuada5fqy+fYbfM9asrdgDoPpRwK8vJ4jLLpOjtjxSGWLIUQBRZpKaa87torGhtTqaaAbGhNRWFCeooF2oN4VNuGol0UWIkV1PrqKsEoyGurq6OaTbqRbrq6qyl26k266uoh5NBdjXV1RqHBRQLldXUqQK4KjtXV1ZWGEU4V1dWWoIopRSV1ULQ2rq6lWOApjmurqgY9BNdXUEe7UW5XV1AGK6urqrT/9k=','electronics','ventilateur','5','2026-03-03 15:45:44','2026-03-03 15:45:44');
INSERT INTO products VALUES(11,'dd',200,'1772712655.png','fashion','frrr','1','2026-03-05 12:10:55','2026-03-05 12:10:55');
CREATE TABLE IF NOT EXISTS "buyers" ("id" integer primary key autoincrement not null, "name" varchar not null, "email" varchar not null, "password" varchar not null, "location" varchar not null, "created_at" datetime, "updated_at" datetime, "number" integer);
INSERT INTO buyers VALUES(1,'Test Buyer','buyer@example.com','$2y$12$Wb57DIT7JP5w4Si/nG4JZOSuli.6A65NfYrg73ZoTJJiAic8aKx8y','USA','2026-03-01 10:54:38','2026-03-01 10:54:38',NULL);
INSERT INTO buyers VALUES(2,'Test Buyer','email@gmail.com','$2y$12$cSlBmMkmlANzwVCX356KYu03aRhk1kvXVqyGCpl4RjLe57ZsKAbBG','USA','2026-03-01 10:57:59','2026-03-01 10:57:59',NULL);
INSERT INTO buyers VALUES(3,'Test Buyer44','buydder2@example.com','$2y$12$TZink9icYI/ytAMIx3gTb.HyC/oTSPmIwulOJBG9NOUioSTTFwOSy','USA','2026-03-01 11:08:25','2026-03-01 11:08:25',NULL);
INSERT INTO buyers VALUES(4,'nh','lebegreatman00@gil.com','$2y$12$hxWQ0cEMUtxRSj.4aZT0L.6rnMTerU.YkxCuOfkBajbR7SYgBiNxq','douala','2026-03-01 19:52:14','2026-03-01 19:52:14',1111);
INSERT INTO buyers VALUES(5,'free','lebegreatman00@gmail.com','$2y$12$jxQK6o9ZeHwmTSejMfh4yOqWuV9nAwwtSQGl5MdVGcK6LbZHbsaBm','ee','2026-03-03 13:45:09','2026-03-03 13:45:09',1234566);
CREATE TABLE IF NOT EXISTS "sellers" ("id" integer primary key autoincrement not null, "name" varchar not null, "email" varchar not null, "password" varchar not null, "location" varchar, "number" varchar, "created_at" datetime, "updated_at" datetime, "slug" varchar);
INSERT INTO sellers VALUES(1,'ff','lebegreatman00@gmail.com','$2y$12$.F2SDJdv4.qnCXkA4qmYuegCzhR9jtfdM1TqQYYnwKBj98Kn5pOEi','rr','1111','2026-03-02 07:31:50','2026-03-02 07:31:50','rr');
INSERT INTO sellers VALUES(2,'fe','lebegreatm0@gmail.com','$2y$12$3mbwYSncyd2I53L7M89GguhmKSBJkTcEZrtwqUtQ1zHw.1fj4UhOO','mmm','123456','2026-03-02 07:40:37','2026-03-02 07:40:37','tt');
INSERT INTO sellers VALUES(3,'fe','lebegream0@gmail.com','$2y$12$jLCFK9k0qBBS5kJp0sR2wubC4t25eACiGn/zXupeaKnqfk9U94o9G','mmm','123456','2026-03-02 07:44:38','2026-03-02 07:44:38',NULL);
INSERT INTO sellers VALUES(4,'d','greatman00@gmail.com','$2y$12$J4Ws7FssKhksnczZJh9OD.DBJHzJ/m6jBxSlXY3WM4OX6taAjkh6a','ed','12345','2026-03-02 07:46:49','2026-03-02 07:46:49',NULL);
INSERT INTO sellers VALUES(5,'ss','lebegreatman00@g.com','$2y$12$SQhFx17PoowBeyw93B/fv.Z6cK4xl/kXzjffuPL5Mm/Kp.f75wGuW','sa','12345678','2026-03-03 15:44:17','2026-03-03 15:44:17','ss');
INSERT INTO sellers VALUES(6,'freed','lebe@gmail.com','$2y$12$MbWJpmP2DXjrXV05lGUyj.jCipOlKqqKHYuYazMXayAtsbpotkAuO','deed','124563','2026-03-04 20:00:51','2026-03-04 20:00:51','man');
INSERT INTO sellers VALUES(7,'mayor','lman00@gmail.com','$2y$12$C8VROfDlOo5NwojcO5feeensBfxjmCL6c5vdhze1hv0f5LQLwuA42','xd','12458','2026-03-04 21:14:32','2026-03-04 21:14:32','marue');
CREATE TABLE IF NOT EXISTS "conversations" ("id" integer primary key autoincrement not null, "buyer_id" integer not null, "seller_id" integer not null, "created_at" datetime, "updated_at" datetime);
INSERT INTO conversations VALUES(1,5,1,'2026-03-03 21:10:02','2026-03-04 13:41:46');
INSERT INTO conversations VALUES(2,5,5,'2026-03-04 12:40:06','2026-03-04 13:20:28');
CREATE TABLE IF NOT EXISTS "messages" ("id" integer primary key autoincrement not null, "conversation_id" integer not null, "sender_id" integer not null, "sender_type" varchar check ("sender_type" in ('buyer', 'seller')) not null, "message" text not null, "is_read" tinyint(1) not null default '0', "created_at" datetime, "updated_at" datetime);
INSERT INTO messages VALUES(1,1,5,'buyer','de',0,'2026-03-03 21:12:35','2026-03-03 21:12:35');
INSERT INTO messages VALUES(2,1,5,'buyer','free',0,'2026-03-03 21:13:00','2026-03-03 21:13:00');
INSERT INTO messages VALUES(3,1,5,'buyer','dd',0,'2026-03-03 21:15:43','2026-03-03 21:15:43');
INSERT INTO messages VALUES(4,1,5,'buyer','ed',0,'2026-03-03 21:15:54','2026-03-03 21:15:54');
INSERT INTO messages VALUES(5,1,5,'buyer','gg',0,'2026-03-03 21:26:00','2026-03-03 21:26:00');
INSERT INTO messages VALUES(6,1,1,'seller','FF',0,'2026-03-03 21:32:59','2026-03-03 21:32:59');
INSERT INTO messages VALUES(7,2,5,'buyer','dd',0,'2026-03-04 12:40:11','2026-03-04 12:40:11');
INSERT INTO messages VALUES(8,2,5,'buyer',replace('New order request from free (lebegreatman00@gmail.com)\n\nProducts:\n- ventilateur x1 (FCFA 2000)\n','\n',char(10)),0,'2026-03-04 12:55:09','2026-03-04 12:55:09');
INSERT INTO messages VALUES(9,1,5,'buyer',replace('New order request from free (lebegreatman00@gmail.com)\n\nProducts:\n- Performance Running Shoes x2 (FCFA 139.99)\n','\n',char(10)),0,'2026-03-04 13:04:39','2026-03-04 13:04:39');
INSERT INTO messages VALUES(10,2,5,'buyer',replace('New order request from free (lebegreatman00@gmail.com)\n\nProducts:\n- ventilateur x2 (FCFA 2000)\n','\n',char(10)),0,'2026-03-04 13:04:39','2026-03-04 13:04:39');
INSERT INTO messages VALUES(11,2,5,'buyer','dd',0,'2026-03-04 13:20:28','2026-03-04 13:20:28');
INSERT INTO messages VALUES(12,1,1,'seller','ff',0,'2026-03-04 13:22:10','2026-03-04 13:22:10');
INSERT INTO messages VALUES(13,1,1,'seller','rr',0,'2026-03-04 13:31:55','2026-03-04 13:31:55');
INSERT INTO messages VALUES(14,1,5,'buyer','i want 3',0,'2026-03-04 13:32:23','2026-03-04 13:32:23');
INSERT INTO messages VALUES(15,1,1,'seller','yess',0,'2026-03-04 13:39:05','2026-03-04 13:39:05');
INSERT INTO messages VALUES(16,1,5,'buyer','so',0,'2026-03-04 13:41:26','2026-03-04 13:41:26');
INSERT INTO messages VALUES(17,1,5,'buyer','ok then',0,'2026-03-04 13:41:46','2026-03-04 13:41:46');
INSERT INTO messages VALUES(18,1,5,'buyer',replace('New order request from free (lebegreatman00@gmail.com)\n\nProducts:\n- Leather Travel Backpack x1 (FCFA 129.99)\n','\n',char(10)),0,'2026-03-04 16:55:51','2026-03-04 16:55:51');
DELETE FROM sqlite_sequence;
INSERT INTO sqlite_sequence VALUES('migrations',14);
INSERT INTO sqlite_sequence VALUES('products',11);
INSERT INTO sqlite_sequence VALUES('users',1);
INSERT INTO sqlite_sequence VALUES('buyers',5);
INSERT INTO sqlite_sequence VALUES('sellers',7);
INSERT INTO sqlite_sequence VALUES('conversations',2);
INSERT INTO sqlite_sequence VALUES('messages',18);
CREATE UNIQUE INDEX "users_email_unique" on "users" ("email");
CREATE INDEX "sessions_user_id_index" on "sessions" ("user_id");
CREATE INDEX "sessions_last_activity_index" on "sessions" ("last_activity");
CREATE INDEX "cache_expiration_index" on "cache" ("expiration");
CREATE INDEX "cache_locks_expiration_index" on "cache_locks" ("expiration");
CREATE INDEX "jobs_queue_index" on "jobs" ("queue");
CREATE UNIQUE INDEX "failed_jobs_uuid_unique" on "failed_jobs" ("uuid");
CREATE UNIQUE INDEX "buyers_email_unique" on "buyers" ("email");
CREATE UNIQUE INDEX "sellers_email_unique" on "sellers" ("email");
CREATE UNIQUE INDEX "sellers_slug_unique" on "sellers" ("slug");
COMMIT;
